,,,,BC Ministry of Transportation and Infrastructure,,,,,,,,,,,,,,,,,,,,,,,,,,,,,
,,,,,,,,Road,,,,,", Monthly Hourly Volume for ",,,,,,,,,February 2024,,,,,,,,,,,
Site names:,,Second Narrows P-15-2EW - NY,,,,,,,,,,,,,Seasonal Factor Grp:,,,,Consistent,,,,,,,,,,,,,,
,,,,,,,,,,,,,,,Daily Factor Grp:,,,,Consistent,,,,,,,,,,,,,,
,,,,,,,,,,,,,,,,,,,,,,,,,,,,,,,,,
Location:,,"Route 1, at the east end of the Second Narrows Bridge, Vancouver",,,,,,,,,,,,,,,,,,,,,,,,,,,,,,,
00:00,,01:00,,02:00,03:00,04:00,,05:00,06:00,07:00,08:00,,09:00,,10:00,11:00,12:00,,13:00,14:00,,15:00,16:00,17:00,18:00,19:00,20:00,21:00,22:00,,23:00,Total
01,700,,339,,238,418,"1,124",,"3,930","7,060","8,937","9,050",,"7,732",,"6,869","6,966","7,320",,"7,521","8,847",,"9,315","9,664","8,790","6,777","4,680","3,916","3,241","2,337",,"1,444","127,215"
02,737,,417,,304,415,"1,129",,"3,669","6,491","8,672","7,786",,"7,947",,"7,132","7,679","7,991",,"8,154","9,084",,"9,616","9,301","8,357","6,830","5,152","3,894","3,494","2,898",,"1,754","128,903"
03,"1,264",,688,,614,503,614,,"1,550","2,579","3,786","5,867",,"7,309",,"8,771","9,032","9,439",,"9,159","9,447",,"9,390","8,504","8,068","6,733","5,101","4,155","3,853","3,234",,"2,376","122,036"
04,"1,458",,798,,516,391,431,,"1,131","2,024","3,109","5,305",,"8,036",,"8,795","9,259","8,835",,"8,937","9,238",,"9,092","8,586","7,557","6,257","4,902","3,526","2,875","2,063",,"1,120","114,241"
05,711,,310,,233,402,"1,157",,"3,972","7,156","8,718","8,701",,"7,380",,"6,819","6,998","6,765",,"7,102","8,863",,"9,294","9,088","7,830","5,485","4,348","3,215","2,609","1,876",,"1,167","120,199"
06,646,,293,,245,344,"1,171",,"4,008","7,301","9,519","9,636",,"7,834",,"7,007","7,310","6,981",,"7,511","8,608",,"9,173","9,763","8,642","6,029","4,552","3,717","2,771","2,099",,"1,319","126,479"
07,565,,301,,239,346,"1,125",,"3,982","7,194","9,244","9,440",,"7,515",,"7,035","7,315","6,541",,"7,450","8,957",,"9,152","9,896","8,738","6,498","4,684","3,783","3,123","2,407",,"1,305","126,835"
08,678,,323,,259,299,"1,146",,"4,015","7,181","9,445","9,409",,"8,069",,"7,087","7,359","7,237",,"7,915","9,097",,"9,514","9,588","8,902","6,267","4,858","3,916","3,136","2,535",,"1,640","129,875"
09,771,,413,,259,355,"1,075",,"3,683","6,673","8,806","9,015",,"8,083",,"7,688","7,769","8,114",,"7,805","8,029",,"8,831","9,673","8,811","7,790","5,164","4,070","3,659","3,123",,"2,193","131,852"
10,"1,277",,628,,508,394,513,,"1,462","2,529","3,741","5,765",,"7,420",,"8,546","8,944","9,471",,"9,169","9,065",,"8,670","8,488","8,021","6,907","4,709","4,048","3,749","3,226",,"2,188","119,438"
11,"1,439",,778,,489,320,457,,"1,103","1,823","2,430","3,526",,"4,964",,"6,396","7,156","7,721",,"7,868","8,432",,"7,344","5,826","5,284","4,084","3,993","5,203","2,601","1,973",,"1,006","92,216"
12,600,,289,,232,381,"1,080",,"3,987","6,862","8,842","8,662",,"7,662",,"6,598","6,882","6,833",,"7,161","8,648",,"9,019","9,427","8,202","6,352","4,607","3,365","2,733","2,037",,"1,083","121,544"
13,636,,357,,236,378,"1,175",,"4,166","7,286","9,620","9,485",,"8,461",,"7,315","7,225","7,392",,"7,809","8,329",,"9,367","9,594","9,390","7,119","4,875","3,758","3,292","2,256",,"1,362","130,883"
14,663,,339,,221,418,"1,146",,"4,081","7,285","9,628","9,371",,"7,957",,"7,361","7,262","7,637",,"8,106","9,104",,"9,688","10,044","9,618","7,325","4,915","4,203","3,181","2,622",,"1,537","133,712"
15,750,,381,,298,410,"1,202",,"4,094","6,786","9,586","9,515",,"7,792",,"7,135","7,499","7,788",,"7,951","8,923",,"9,343","9,968","9,247","7,336","5,144","4,150","3,466","2,792",,"1,497","133,053"
16,824,,406,,298,424,"1,185",,"3,729","6,786","8,070","8,390",,"8,371",,"8,282","8,674","8,549",,"8,995","9,402",,"9,531","9,759","9,131","7,977","5,658","4,614","3,863","3,162",,"2,126","138,206"
17,"1,253",,757,,497,261,620,,"1,464","2,504","3,875","5,235",,"7,544",,"8,332","9,026","9,240",,"9,250","9,387",,"8,691","8,820","7,786","6,943","4,997","3,922","3,758","3,444",,"1,860","119,466"
18,"1,050",,850,,550,421,494,,"1,101","2,028","2,859","4,361",,"5,976",,"7,454","8,133","8,330",,"8,843","8,827",,"8,632","8,640","7,762","5,987","4,581","3,924","3,485","2,315",,"1,604","108,207"
19,924,,537,,325,311,488,,"1,240","2,190","2,722","3,848",,"5,669",,"7,042","8,137","8,924",,"9,088","8,938",,"8,591","7,669","6,826","5,708","4,624","3,401","2,727","1,834",,"1,076","102,839"
20,709,,336,,226,352,"1,250",,"4,014","7,085","9,376","8,690",,"7,842",,"7,085","7,005","6,604",,"7,966","7,588",,"9,198","9,588","8,891","6,087","4,572","3,569","2,904","2,109",,"1,380","124,426"
21,765,,339,,302,393,"1,152",,"3,940","7,246","9,241","9,138",,"7,788",,"7,166","7,065","7,163",,"7,710","8,482",,"9,211","9,144","8,960","6,534","4,729","3,984","2,588","2,122",,"1,358","126,520"
23,"1,028",,464,,317,421,910,,"3,010","6,526","8,387","8,826",,"8,233",,"7,660","7,862","7,978",,"8,320","9,341",,"9,705","9,787","9,058","8,264","5,851","4,888","4,074","3,198",,"2,763","136,871"
24,"1,525",,879,,501,329,555,,"1,282","2,563","3,776","5,741",,"6,801",,"7,933","8,245","8,480",,"8,832","8,944",,"9,003","8,641","7,977","4,471","3,763","5,509","3,929","3,473",,"2,583","115,735"
25,"1,689",,916,,597,439,423,,983,"1,900","2,459","3,434",,"5,044",,"6,423","7,584","8,617",,"8,479","8,386",,"8,461","7,675","7,255","5,608","4,583","3,950","3,014","1,927",,"1,447","101,293"
26,813,,422,,261,337,802,,"3,090","6,614","8,876","9,422",,"7,666",,"6,669","7,018","7,380",,"7,482","8,622",,"9,113","9,474","9,053","6,876","4,978","3,715","3,043","2,133",,"1,490","125,349"
27,775,,374,,235,337,857,,"2,938","6,741","9,054","9,295",,"8,043",,"7,074","6,482","7,040",,"7,920","8,198",,"8,772","8,862","7,284","5,650","3,336","3,077","2,754","2,186",,"1,506","118,790"
28,756,,411,,248,346,791,,"2,974","6,445","7,928","9,277",,"7,897",,"6,500","6,930","6,881",,"7,091","7,836",,"8,460","9,118","9,015","6,954","4,905","3,824","3,159","2,485",,"1,855","122,086"
29,775,,409,,253,348,851,,"3,187","6,767","8,929","10,119",,"9,487",,"9,066","7,914","7,796",,"7,747","8,810",,"9,097","9,497","9,301","8,460","5,629","4,558","4,123","2,940",,"1,866","137,929"
Month Total,,,,,,,,,,,,,,,,,,,,,,,,,,,,,,,,,"3,436,1"
Created Wed Mar 27 13:47:42 PDT 2024,,,,,,,,,,,,,,,,,,,,,,,,,,,MV03P: Page 1 of,,,, 9,,
,,,,BC Ministry of Transportation and Infrastructure,,,,,,,,,,,,,,,,,,,,,,,,,,,,,
,,,,,,,,E,,,,,", Monthly Hourly Volume for ",,,,,,,,,February 2024,,,,,,,,,,,
Site names:,,Second Narrows P-15-2EW - NY,,,,,,,,,,,,,Seasonal Factor Grp:,,,,Consistent,,,,,,,,,,,,,,
,,,,,,,,,,,,,,,Daily Factor Grp:,,,,Consistent,,,,,,,,,,,,,,
,,,,,,,,,,,,,,,,,,,,,,,,,,,,,,,,,
Location:,,"Route 1, at the east end of the Second Narrows Bridge, Vancouver",,,,,,,,,,,,,,,,,,,,,,,,,,,,,,,
00:00,,01:00,,02:00,03:00,04:00,,05:00,06:00,07:00,08:00,,09:00,,10:00,11:00,12:00,,13:00,14:00,,15:00,16:00,17:00,18:00,19:00,20:00,21:00,22:00,,23:00,Total
01,360,,179,,121,174,318,,"1,259","2,978","4,482","4,574",,"3,685",,"3,511","3,653","3,870",,"3,831","4,761",,"4,868","4,706","4,037","3,455","2,446","1,893","1,501","1,151",,767,"62,580"
02,367,,218,,161,178,308,,"1,153","2,705","4,138","3,495",,"3,947",,"3,672","4,029","4,195",,"4,210","4,711",,"4,862","4,664","4,125","3,514","2,660","1,956","1,751","1,504",,959,"63,482"
03,615,,347,,375,269,227,,495,908,"1,632","2,649",,"3,382",,"4,528","4,603","4,809",,"4,563","4,707",,"4,770","4,532","4,449","4,022","2,756","2,249","1,974","1,577",,"1,217","61,655"
04,697,,398,,250,179,176,,386,767,"1,417","2,569",,"3,919",,"4,440","4,691","4,293",,"4,510","4,617",,"4,517","4,572","4,242","3,678","2,738","1,850","1,487","1,096",,580,"58,069"
05,360,,168,,120,145,299,,"1,289","2,982","4,355","4,346",,"3,535",,"3,361","3,617","3,526",,"3,674","4,888",,"5,031","4,455","3,836","2,876","2,262","1,607","1,323",989,,675,"59,719"
06,330,,163,,117,139,319,,"1,355","3,080","4,702","4,949",,"3,784",,"3,372","3,882","3,621",,"3,900","4,557",,"4,871","4,770","4,273","3,154","2,329","1,839","1,320","1,096",,731,"62,653"
07,257,,166,,120,132,291,,"1,293","3,041","4,593","4,744",,"3,619",,"3,544","3,660","3,332",,"3,691","4,769",,"4,795","4,952","4,337","3,411","2,406","1,905","1,498","1,236",,718,"62,510"
08,321,,166,,130,95,284,,"1,313","3,000","4,632","4,804",,"3,884",,"3,646","3,927","3,801",,"4,099","4,861",,"4,993","4,661","4,447","3,235","2,600","1,928","1,499","1,359",,854,"64,539"
09,340,,222,,143,129,284,,"1,167","2,566","4,182","4,405",,"3,807",,"3,797","3,939","4,187",,"3,707","3,483",,"4,525","4,924","4,619","4,432","2,736","2,118","1,786","1,637",,"1,197","64,332"
10,665,,338,,246,187,201,,455,870,"1,680","2,591",,"3,500",,"4,193","4,471","4,802",,"4,552","4,578",,"4,548","4,462","4,454","4,024","2,474","2,108","1,897","1,589",,"1,085","59,970"
11,706,,382,,225,147,187,,374,700,"1,069","1,737",,"2,492",,"3,371","3,795","4,041",,"3,941","4,102",,"3,673","3,060","2,850","2,258","2,193","2,711","1,272","1,042",,517,"46,845"
12,283,,130,,107,147,287,,"1,331","2,895","4,351","4,370",,"3,403",,"3,270","3,545","3,504",,"3,662","4,691",,"4,769","4,586","4,120","3,505","2,413","1,639","1,408","1,117",,589,"60,122"
13,336,,217,,114,131,347,,"1,364","3,049","4,706","4,845",,"4,034",,"3,464","3,791","3,787",,"4,038","4,484",,"4,691","4,634","4,681","3,955","2,655","1,905","1,643","1,213",,768,"64,852"
14,342,,189,,112,181,330,,"1,351","3,093","4,758","4,676",,"3,691",,"3,591","3,718","3,974",,"4,233","4,838",,"5,048","4,901","4,679","4,002","2,636","2,195","1,690","1,385",,907,"66,520"
15,385,,194,,169,155,359,,"1,337","2,889","4,702","4,768",,"3,705",,"3,595","3,887","4,171",,"4,038","4,707",,"4,863","4,919","4,698","4,023","2,723","2,077","1,649","1,364",,796,"66,173"
16,411,,206,,150,148,343,,"1,203","2,666","3,729","4,001",,"3,958",,"4,080","4,330","4,328",,"4,519","4,766",,"4,756","4,880","4,686","4,615","3,250","2,464","1,912","1,618",,"1,146","68,165"
17,580,,369,,229,169,227,,483,921,"1,617","2,236",,"3,479",,"3,954","4,555","4,596",,"4,612","4,685",,"4,472","4,720","4,407","4,225","2,864","2,068","1,852","1,736",,877,"59,933"
18,568,,402,,271,200,207,,402,733,"1,151","2,024",,"2,763",,"3,555","3,972","4,239",,"4,355","4,375",,"4,380","4,550","4,418","3,467","2,617","2,014","1,861","1,196",,794,"54,514"
19,422,,262,,144,133,201,,469,775,"1,030","1,512",,"2,344",,"3,152","3,853","4,474",,"4,464","4,625",,"4,714","4,428","4,011","3,714","2,720","1,890","1,442",990,,550,"52,319"
20,347,,155,,102,125,342,,"1,444","3,047","4,776","4,602",,"3,763",,"3,368","3,708","3,273",,"4,300","3,541",,"4,799","4,746","4,460","3,169","2,422","1,731","1,414","1,157",,768,"61,559"
21,400,,191,,137,152,326,,"1,388","3,229","4,650","4,653",,"3,695",,"3,501","3,682","3,737",,"4,007","4,493",,"4,864","4,464","4,327","3,361","2,422","1,966","1,312","1,120",,745,"62,822"
23,548,,260,,164,170,245,,904,"2,494","3,885","4,390",,"3,824",,"3,844","3,959","4,180",,"4,281","4,681",,"5,032","4,935","4,618","4,534","3,151","2,645","2,008","1,590",,"1,562","67,904"
24,777,,467,,259,118,255,,429,816,"1,686","2,582",,"3,257",,"3,963","4,276","4,388",,"4,597","4,571",,"4,581","4,400","4,276","1,570","1,576","3,585","2,097","1,786",,"1,351","57,663"
25,834,,434,,286,217,184,,338,629,"1,006","1,641",,"2,511",,"3,419","4,098","4,713",,"4,289","4,196",,"4,228","4,007","3,866","2,943","2,483","2,096","1,543",913,,811,"51,685"
26,417,,225,,117,120,237,,978,"2,611","4,287","4,741",,"3,742",,"3,227","3,491","3,817",,"3,865","4,551",,"4,925","4,788","4,558","3,651","2,608","1,923","1,524","1,047",,928,"62,378"
27,384,,211,,113,156,256,,864,"2,775","4,413","4,537",,"4,082",,"3,540","3,413","3,592",,"4,124","4,277",,"4,575","4,374","3,596","2,915","1,827","1,552","1,373","1,088",,902,"58,939"
28,364,,206,,100,149,216,,917,"2,675","3,716","4,735",,"3,886",,"3,097","3,606","3,646",,"3,715","4,302",,"4,373","4,532","4,289","3,481","2,529","1,886","1,507","1,238",,"1,175","60,340"
29,391,,223,,124,139,260,,953,"2,767","4,308","5,179",,"4,790",,"4,710","4,435","4,110",,"3,932","4,674",,"4,617","4,683","4,616","4,318","3,050","2,441","2,071","1,521",,"1,133","69,445"
Month Total,,,,,,,,,,,,,,,,,,,,,,,,,,,,,,,,,"1,711,6"
Created Wed Mar 27 13:47:42 PDT 2024,,,,,,,,,,,,,,,,,,,,,,,,,,,MV03P: Page 2 of,,,, 9,,
,,,,BC Ministry of Transportation and Infrastructure,,,,,,,,,,,,,,,,,,,,,,,,,,,,,
,,,,,,,,W,,,,,", Monthly Hourly Volume for ",,,,,,,,,February 2024,,,,,,,,,,,
Site names:,,Second Narrows P-15-2EW - NY,,,,,,,,,,,,,Seasonal Factor Grp:,,,,Consistent,,,,,,,,,,,,,,
,,,,,,,,,,,,,,,Daily Factor Grp:,,,,Consistent,,,,,,,,,,,,,,
,,,,,,,,,,,,,,,,,,,,,,,,,,,,,,,,,
Location:,,"Route 1, at the east end of the Second Narrows Bridge, Vancouver",,,,,,,,,,,,,,,,,,,,,,,,,,,,,,,
00:00,,01:00,,02:00,03:00,04:00,,05:00,06:00,07:00,08:00,,09:00,,10:00,11:00,12:00,,13:00,14:00,,15:00,16:00,17:00,18:00,19:00,20:00,21:00,22:00,,23:00,Total
01,340,,160,,117,244,806,,"2,671","4,082","4,455","4,476",,"4,047",,"3,358","3,313","3,450",,"3,690","4,086",,"4,447","4,958","4,753","3,322","2,234","2,023","1,740","1,186",,677,"64,635"
02,370,,199,,143,237,821,,"2,516","3,786","4,534","4,291",,"4,000",,"3,460","3,650","3,796",,"3,944","4,373",,"4,754","4,637","4,232","3,316","2,492","1,938","1,743","1,394",,795,"65,421"
03,649,,341,,239,234,387,,"1,055","1,671","2,154","3,218",,"3,927",,"4,243","4,429","4,630",,"4,596","4,740",,"4,620","3,972","3,619","2,711","2,345","1,906","1,879","1,657",,"1,159","60,381"
04,761,,400,,266,212,255,,745,"1,257","1,692","2,736",,"4,117",,"4,355","4,568","4,542",,"4,427","4,621",,"4,575","4,014","3,315","2,579","2,164","1,676","1,388",967,,540,"56,172"
05,351,,142,,113,257,858,,"2,683","4,174","4,363","4,355",,"3,845",,"3,458","3,381","3,239",,"3,428","3,975",,"4,263","4,633","3,994","2,609","2,086","1,608","1,286",887,,492,"60,480"
06,316,,130,,128,205,852,,"2,653","4,221","4,817","4,687",,"4,050",,"3,635","3,428","3,360",,"3,611","4,051",,"4,302","4,993","4,369","2,875","2,223","1,878","1,451","1,003",,588,"63,826"
07,308,,135,,119,214,834,,"2,689","4,153","4,651","4,696",,"3,896",,"3,491","3,655","3,209",,"3,759","4,188",,"4,357","4,944","4,401","3,087","2,278","1,878","1,625","1,171",,587,"64,325"
08,357,,157,,129,204,862,,"2,702","4,181","4,813","4,605",,"4,185",,"3,441","3,432","3,436",,"3,816","4,236",,"4,521","4,927","4,455","3,032","2,258","1,988","1,637","1,176",,786,"65,336"
09,431,,191,,116,226,791,,"2,516","4,107","4,624","4,610",,"4,276",,"3,891","3,830","3,927",,"4,098","4,546",,"4,306","4,749","4,192","3,358","2,428","1,952","1,873","1,486",,996,"67,520"
10,612,,290,,262,207,312,,"1,007","1,659","2,061","3,174",,"3,920",,"4,353","4,473","4,669",,"4,617","4,487",,"4,122","4,026","3,567","2,883","2,235","1,940","1,852","1,637",,"1,103","59,468"
11,733,,396,,264,173,270,,729,"1,123","1,361","1,789",,"2,472",,"3,025","3,361","3,680",,"3,927","4,330",,"3,671","2,766","2,434","1,826","1,800","2,492","1,329",931,,489,"45,371"
12,317,,159,,125,234,793,,"2,656","3,967","4,491","4,292",,"4,259",,"3,328","3,337","3,329",,"3,499","3,957",,"4,250","4,841","4,082","2,847","2,194","1,726","1,325",920,,494,"61,422"
13,300,,140,,122,247,828,,"2,802","4,237","4,914","4,640",,"4,427",,"3,851","3,434","3,605",,"3,771","3,845",,"4,676","4,960","4,709","3,164","2,220","1,853","1,649","1,043",,594,"66,031"
14,321,,150,,109,237,816,,"2,730","4,192","4,870","4,695",,"4,266",,"3,770","3,544","3,663",,"3,873","4,266",,"4,640","5,143","4,939","3,323","2,279","2,008","1,491","1,237",,630,"67,192"
15,365,,187,,129,255,843,,"2,757","3,897","4,884","4,747",,"4,087",,"3,540","3,612","3,617",,"3,913","4,216",,"4,480","5,049","4,549","3,313","2,421","2,073","1,817","1,428",,701,"66,880"
16,413,,200,,148,276,842,,"2,526","4,120","4,341","4,389",,"4,413",,"4,202","4,344","4,221",,"4,476","4,636",,"4,775","4,879","4,445","3,362","2,408","2,150","1,951","1,544",,980,"70,041"
17,673,,388,,268,92,393,,981,"1,583","2,258","2,999",,"4,065",,"4,378","4,471","4,644",,"4,638","4,702",,"4,219","4,100","3,379","2,718","2,133","1,854","1,906","1,708",,983,"59,533"
18,482,,448,,279,221,287,,699,"1,295","1,708","2,337",,"3,213",,"3,899","4,161","4,091",,"4,488","4,452",,"4,252","4,090","3,344","2,520","1,964","1,910","1,624","1,119",,810,"53,693"
19,502,,275,,181,178,287,,771,"1,415","1,692","2,336",,"3,325",,"3,890","4,284","4,450",,"4,624","4,313",,"3,877","3,241","2,815","1,994","1,904","1,511","1,285",844,,526,"50,520"
20,362,,181,,124,227,908,,"2,570","4,038","4,600","4,088",,"4,079",,"3,717","3,297","3,331",,"3,666","4,047",,"4,399","4,842","4,431","2,918","2,150","1,838","1,490",952,,612,"62,867"
21,365,,148,,165,241,826,,"2,552","4,017","4,591","4,485",,"4,093",,"3,665","3,383","3,426",,"3,703","3,989",,"4,347","4,680","4,633","3,173","2,307","2,018","1,276","1,002",,613,"63,698"
23,480,,204,,153,251,665,,"2,106","4,032","4,502","4,436",,"4,409",,"3,816","3,903","3,798",,"4,039","4,660",,"4,673","4,852","4,440","3,730","2,700","2,243","2,066","1,608",,"1,201","68,967"
24,748,,412,,242,211,300,,853,"1,747","2,090","3,159",,"3,544",,"3,970","3,969","4,092",,"4,235","4,373",,"4,422","4,241","3,701","2,901","2,187","1,924","1,832","1,687",,"1,232","58,072"
25,855,,482,,311,222,239,,645,"1,271","1,453","1,793",,"2,533",,"3,004","3,486","3,904",,"4,190","4,190",,"4,233","3,668","3,389","2,665","2,100","1,854","1,471","1,014",,636,"49,608"
26,396,,197,,144,217,565,,"2,112","4,003","4,589","4,681",,"3,924",,"3,442","3,527","3,563",,"3,617","4,071",,"4,188","4,686","4,495","3,225","2,370","1,792","1,519","1,086",,562,"62,971"
27,391,,163,,122,181,601,,"2,074","3,966","4,641","4,758",,"3,961",,"3,534","3,069","3,448",,"3,796","3,921",,"4,197","4,488","3,688","2,735","1,509","1,525","1,381","1,098",,604,"59,851"
28,392,,205,,148,197,575,,"2,057","3,770","4,212","4,542",,"4,011",,"3,403","3,324","3,235",,"3,376","3,534",,"4,087","4,586","4,726","3,473","2,376","1,938","1,652","1,247",,680,"61,746"
29,384,,186,,129,209,591,,"2,234","4,000","4,621","4,940",,"4,697",,"4,356","3,479","3,686",,"3,815","4,136",,"4,480","4,814","4,685","4,142","2,579","2,117","2,052","1,419",,733,"68,484"
Month Total,,,,,,,,,,,,,,,,,,,,,,,,,,,,,,,,,"1,724,5"
Created Wed Mar 27 13:47:42 PDT 2024,,,,,,,,,,,,,,,,,,,,,,,,,,,MV03P: Page 3 of,,,, 9,,
,,,,BC Ministry of Transportation and Infrastructure,,,,,,,,,,,,,,,,,,,,,,,,,,,,,
,,,,,,,,E Lane1,,,,,", Monthly Hourly Volume for ",,,,,,,,,February 2024,,,,,,,,,,,
Site names:,,Second Narrows P-15-2EW - NY,,,,,,,,,,,,,Seasonal Factor Grp:,,,,Consistent,,,,,,,,,,,,,,
,,,,,,,,,,,,,,,Daily Factor Grp:,,,,Consistent,,,,,,,,,,,,,,
,,,,,,,,,,,,,,,,,,,,,,,,,,,,,,,,,
Location:,,"Route 1, at the east end of the Second Narrows Bridge, Vancouver",,,,,,,,,,,,,,,,,,,,,,,,,,,,,,,
00:00,,01:00,,02:00,03:00,04:00,,05:00,06:00,07:00,08:00,,09:00,,10:00,11:00,12:00,,13:00,14:00,,15:00,16:00,17:00,18:00,19:00,20:00,21:00,22:00,,23:00,Total
01,80,,39,,26,29,56,,229,626,"1,083","1,156",,889,,684,798,820,,853,"1,157",,"1,540","1,634","1,067",787,509,407,328,214,,135,"15,146"
02,73,,52,,38,33,64,,200,542,942,921,,923,,807,910,976,,956,"1,162",,"1,586","1,609","1,063",779,495,394,345,261,,171,"15,302"
03,140,,78,,100,42,36,,88,169,307,491,,710,,"1,010","1,095","1,222",,"1,096","1,076",,"1,170","1,112","1,070",903,544,445,370,296,,216,"13,786"
04,146,,93,,64,34,39,,67,140,295,549,,961,,"1,106","1,164","1,001",,"1,055","1,076",,"1,042","1,077",946,683,461,336,275,178,,104,"12,892"
05,75,,38,,25,36,57,,229,576,"1,015","1,086",,800,,692,732,722,,813,"1,146",,"1,515","1,276",972,590,466,307,259,181,,111,"13,719"
06,67,,34,,22,28,70,,271,603,"1,128","1,283",,858,,712,852,816,,848,"1,042",,"1,589","1,558","1,117",671,458,378,277,185,,108,"14,975"
07,55,,43,,28,15,62,,225,607,"1,100","1,238",,789,,760,836,718,,848,"1,240",,"1,748","1,874","1,315",935,581,396,316,225,,119,"16,073"
08,55,,41,,26,1,55,,241,614,"1,096","1,258",,853,,807,889,840,,847,"1,155",,"1,671","1,577","1,153",741,553,387,280,244,,156,"15,540"
09,62,,55,,35,26,64,,215,516,957,"1,111",,888,,838,878,942,,"1,326","1,707",,"1,722","1,596","1,263","1,120",684,418,338,293,,205,"17,259"
10,130,,81,,64,47,39,,82,159,303,491,,715,,923,"1,045","1,189",,"1,097","1,117",,"1,112","1,067","1,123",946,504,399,335,308,,207,"13,483"
11,194,,87,,61,41,31,,63,120,200,316,,498,,686,781,874,,822,894,,757,605,562,388,452,534,196,181,,92,"9,435"
12,58,,36,,24,35,47,,247,537,"1,030","1,128",,762,,687,756,790,,722,"1,121",,"1,451","1,361","1,015",734,452,334,269,182,,90,"13,868"
13,65,,43,,20,27,69,,257,616,"1,117","1,297",,974,,742,863,838,,818,"1,049",,"1,538","1,679","1,409",903,551,384,312,201,,121,"15,893"
14,54,,40,,23,27,54,,226,612,"1,168","1,206",,841,,758,863,878,,933,"1,215",,"1,828","1,807","1,440",937,545,410,308,220,,136,"16,529"
15,54,,47,,30,26,62,,250,569,"1,097","1,162",,793,,782,837,936,,867,"1,148",,"1,609","1,714","1,358",934,540,397,325,268,,120,"15,925"
16,80,,58,,32,28,56,,214,483,829,942,,852,,888,970,989,,"1,049","1,239",,"1,534","1,604","1,282","1,100",678,443,346,245,,205,"16,146"
17,126,,85,,62,40,55,,83,147,290,369,,704,,760,"1,008","1,048",,"1,002","1,060",,"1,062","1,127","1,051",953,526,344,331,287,,154,"12,674"
18,150,,135,,66,56,40,,72,139,195,348,,584,,786,879,951,,960,904,,912,"1,005",936,626,421,330,320,196,,141,"11,152"
19,76,,56,,31,38,34,,88,142,171,276,,434,,597,806,968,,967,"1,064",,"1,136","1,030",922,675,464,292,241,156,,83,"10,747"
20,65,,38,,21,21,61,,260,625,"1,124","1,156",,824,,695,804,735,,959,861,,"1,484","1,622","1,251",728,483,379,280,193,,139,"14,808"
21,84,,49,,41,33,66,,254,642,"1,101","1,210",,803,,781,810,827,,846,"1,087",,"1,547","1,583","1,208",724,545,409,271,206,,125,"15,252"
23,115,,62,,42,31,53,,153,490,843,"1,072",,876,,825,837,899,,944,"1,130",,"1,514","1,572","1,312","1,124",702,548,395,320,,266,"16,125"
24,164,,118,,71,1,44,,71,164,286,514,,633,,811,"1,033","1,060",,"1,185","1,161",,"1,196","1,043","1,030",390,324,701,381,311,,243,"12,935"
25,163,,107,,83,51,50,,56,134,159,271,,461,,661,883,"1,035",,885,902,,920,877,855,528,477,374,280,148,,127,"10,487"
26,81,,50,,27,25,45,,180,456,941,"1,261",,834,,705,726,858,,813,"1,025",,"1,445","1,623","1,248",801,498,368,289,183,,120,"14,602"
27,61,,55,,23,27,54,,172,538,975,"1,247",,970,,721,733,764,,935,"1,143",,"1,639","1,669","1,099",755,388,304,276,195,,132,"14,875"
28,68,,44,,26,27,40,,173,507,"1,190","1,323",,917,,650,760,800,,819,"1,000",,"1,340","1,583","1,234",813,569,399,321,256,,170,"15,029"
29,71,,46,,34,25,58,,179,539,990,"1,570",,"1,370",,"1,379","1,081",926,,826,"1,118",,"1,435","1,611","1,538","1,109",628,491,425,271,,182,"17,902"
Month Total,,,,,,,,,,,,,,,,,,,,,,,,,,,,,,,,,"402,559"
Created Wed Mar 27 13:47:42 PDT 2024,,,,,,,,,,,,,,,,,,,,,,,,,,,MV03P: Page 4 of,,,, 9,,
,,,,BC Ministry of Transportation and Infrastructure,,,,,,,,,,,,,,,,,,,,,,,,,,,,,
,,,,,,,,E Lane2,,,,,", Monthly Hourly Volume for ",,,,,,,,,February 2024,,,,,,,,,,,
Site names:,,Second Narrows P-15-2EW - NY,,,,,,,,,,,,,Seasonal Factor Grp:,,,,Consistent,,,,,,,,,,,,,,
,,,,,,,,,,,,,,,Daily Factor Grp:,,,,Consistent,,,,,,,,,,,,,,
,,,,,,,,,,,,,,,,,,,,,,,,,,,,,,,,,
Location:,,"Route 1, at the east end of the Second Narrows Bridge, Vancouver",,,,,,,,,,,,,,,,,,,,,,,,,,,,,,,
00:00,,01:00,,02:00,03:00,04:00,,05:00,06:00,07:00,08:00,,09:00,,10:00,11:00,12:00,,13:00,14:00,,15:00,16:00,17:00,18:00,19:00,20:00,21:00,22:00,,23:00,Total
01,229,,113,,82,124,207,,642,"1,132","1,535","1,581",,"1,305",,"1,361","1,378","1,451",,"1,410","1,726",,"1,761","1,671","1,523","1,341","1,014",841,718,568,,405,"24,118"
02,224,,142,,109,129,210,,588,"1,067","1,451","1,212",,"1,389",,"1,395","1,487","1,521",,"1,529","1,741",,"1,734","1,602","1,579","1,408","1,181",925,852,743,,506,"24,724"
03,358,,216,,226,197,165,,308,509,751,"1,097",,"1,357",,"1,715","1,699","1,782",,"1,720","1,763",,"1,795","1,694","1,692","1,547","1,202","1,029",939,767,,648,"25,176"
04,383,,240,,150,133,117,,263,439,739,"1,125",,"1,485",,"1,683","1,724","1,616",,"1,723","1,731",,"1,758","1,748","1,639","1,496","1,198",870,717,593,,343,"23,913"
05,231,,106,,87,99,206,,659,"1,163","1,508","1,489",,"1,284",,"1,308","1,388","1,324",,"1,351","1,771",,"1,801","1,640","1,449","1,137",991,778,649,543,,387,"23,349"
06,212,,97,,84,99,212,,628,"1,180","1,612","1,665",,"1,420",,"1,324","1,467","1,376",,"1,451","1,706",,"1,758","1,688","1,582","1,268","1,013",867,655,560,,384,"24,308"
07,150,,104,,79,105,192,,640,"1,170","1,539","1,600",,"1,370",,"1,403","1,365","1,267",,"1,357","1,691",,"1,645","1,683","1,573","1,343","1,014",855,720,608,,407,"23,880"
08,210,,104,,87,80,183,,638,"1,133","1,606","1,602",,"1,438",,"1,372","1,490","1,401",,"1,545","1,793",,"1,719","1,661","1,641","1,327","1,107",895,719,668,,459,"24,878"
09,220,,148,,92,92,178,,579,"1,002","1,450","1,507",,"1,401",,"1,466","1,457","1,557",,"1,186",944,,"1,523","1,710","1,726","1,656","1,159",945,849,789,,612,"24,248"
10,390,,207,,155,122,143,,284,484,789,"1,095",,"1,381",,"1,624","1,663","1,794",,"1,681","1,705",,"1,752","1,698","1,696","1,564","1,094",986,912,774,,596,"24,589"
11,381,,232,,140,89,141,,247,423,586,836,,"1,082",,"1,412","1,496","1,584",,"1,562","1,594",,"1,466","1,276","1,241","1,040",984,"1,231",710,575,,321,"20,649"
12,172,,85,,73,96,209,,678,"1,169","1,504","1,470",,"1,245",,"1,282","1,345","1,307",,"1,387","1,716",,"1,743","1,664","1,552","1,387","1,054",793,701,561,,339,"23,532"
13,214,,139,,79,95,226,,663,"1,156","1,608","1,651",,"1,483",,"1,358","1,421","1,417",,"1,543","1,659",,"1,672","1,618","1,685","1,522","1,125",863,788,622,,441,"25,048"
14,227,,123,,75,144,227,,662,"1,174","1,619","1,591",,"1,371",,"1,373","1,398","1,439",,"1,537","1,776",,"1,721","1,722","1,640","1,550","1,079",996,794,693,,506,"25,437"
15,257,,132,,110,112,234,,651,"1,107","1,627","1,657",,"1,366",,"1,355","1,459","1,542",,"1,480","1,720",,"1,756","1,711","1,704","1,555","1,161",962,783,659,,440,"25,540"
16,244,,125,,96,106,234,,590,"1,058","1,279","1,439",,"1,474",,"1,549","1,597","1,615",,"1,649","1,728",,"1,683","1,711","1,746","1,767","1,305","1,064",875,791,,584,"26,309"
17,322,,229,,133,116,141,,298,522,767,"1,045",,"1,347",,"1,564","1,716","1,736",,"1,761","1,763",,"1,667","1,791","1,700","1,611","1,221",987,881,850,,464,"24,632"
18,311,,197,,172,118,138,,261,414,610,956,,"1,188",,"1,474","1,595","1,610",,"1,650","1,727",,"1,683","1,744","1,741","1,431","1,138",956,875,612,,446,"23,047"
19,256,,162,,97,88,146,,292,439,584,741,,"1,036",,"1,269","1,488","1,694",,"1,706","1,760",,"1,791","1,703","1,563","1,536","1,214",911,764,546,,340,"22,126"
20,222,,100,,70,95,233,,707,"1,161","1,660","1,615",,"1,362",,"1,304","1,400","1,250",,"1,572","1,307",,"1,710","1,696","1,665","1,264","1,068",802,705,640,,425,"24,033"
21,236,,112,,83,101,219,,707,"1,275","1,623","1,574",,"1,387",,"1,329","1,364","1,410",,"1,491","1,672",,"1,727","1,541","1,622","1,362","1,010",917,663,603,,425,"24,453"
23,312,,157,,106,122,162,,501,"1,004","1,359","1,510",,"1,372",,"1,438","1,505","1,572",,"1,567","1,716",,"1,758","1,747","1,697","1,719","1,250","1,100",933,765,,763,"26,135"
24,410,,265,,146,95,189,,280,447,809,"1,080",,"1,283",,"1,533","1,604","1,620",,"1,648","1,678",,"1,657","1,707","1,649",674,683,"1,461",989,868,,681,"23,456"
25,492,,254,,158,139,126,,233,362,578,825,,"1,102",,"1,376","1,599","1,757",,"1,689","1,633",,"1,607","1,552","1,530","1,250","1,092",989,781,525,,446,"22,095"
26,258,,138,,82,87,165,,537,"1,106","1,509","1,582",,"1,390",,"1,287","1,299","1,439",,"1,449","1,676",,"1,789","1,698","1,675","1,405","1,122",919,751,555,,498,"24,416"
27,258,,130,,82,112,167,,439,"1,100","1,565","1,510",,"1,449",,"1,349","1,315","1,366",,"1,518","1,526",,"1,560","1,497","1,362","1,217",795,760,699,582,,505,"22,863"
28,231,,137,,63,104,160,,532,"1,124","1,264","1,584",,"1,391",,"1,205","1,388","1,350",,"1,401","1,621",,"1,585","1,619","1,578","1,414","1,105",900,731,656,,628,"23,771"
29,260,,145,,76,97,170,,515,"1,106","1,491","1,700",,"1,674",,"1,639","1,613","1,542",,"1,477","1,709",,"1,662","1,644","1,656","1,635","1,259","1,061",905,746,,585,"26,367"
Month Total,,,,,,,,,,,,,,,,,,,,,,,,,,,,,,,,,"677,092"
Created Wed Mar 27 13:47:42 PDT 2024,,,,,,,,,,,,,,,,,,,,,,,,,,,MV03P: Page 5 of,,,, 9,,
,,,,BC Ministry of Transportation and Infrastructure,,,,,,,,,,,,,,,,,,,,,,,,,,,,,
,,,,,,,,E Lane3,,,,,", Monthly Hourly Volume for ",,,,,,,,,February 2024,,,,,,,,,,,
Site names:,,Second Narrows P-15-2EW - NY,,,,,,,,,,,,,Seasonal Factor Grp:,,,,Consistent,,,,,,,,,,,,,,
,,,,,,,,,,,,,,,Daily Factor Grp:,,,,Consistent,,,,,,,,,,,,,,
,,,,,,,,,,,,,,,,,,,,,,,,,,,,,,,,,
Location:,,"Route 1, at the east end of the Second Narrows Bridge, Vancouver",,,,,,,,,,,,,,,,,,,,,,,,,,,,,,,
00:00,,01:00,,02:00,03:00,04:00,,05:00,06:00,07:00,08:00,,09:00,,10:00,11:00,12:00,,13:00,14:00,,15:00,16:00,17:00,18:00,19:00,20:00,21:00,22:00,,23:00,Total
01,51,,27,,13,21,55,,388,"1,220","1,864","1,837",,"1,491",,"1,466","1,477","1,599",,"1,568","1,878",,"1,567","1,401","1,447","1,327",923,645,455,369,,227,"23,316"
02,70,,24,,14,16,34,,365,"1,096","1,745","1,362",,"1,635",,"1,470","1,632","1,698",,"1,725","1,808",,"1,542","1,453","1,483","1,327",984,637,554,500,,282,"23,456"
03,117,,53,,49,30,26,,99,230,574,"1,061",,"1,315",,"1,803","1,809","1,805",,"1,747","1,868",,"1,805","1,726","1,687","1,572","1,010",775,665,514,,353,"22,693"
04,168,,65,,36,12,20,,56,188,383,895,,"1,473",,"1,651","1,803","1,676",,"1,732","1,810",,"1,717","1,747","1,657","1,499","1,079",644,495,325,,133,"21,264"
05,54,,24,,8,10,36,,401,"1,243","1,832","1,771",,"1,451",,"1,361","1,497","1,480",,"1,510","1,971",,"1,715","1,539","1,415","1,149",805,522,415,265,,177,"22,651"
06,51,,32,,11,12,37,,456,"1,297","1,962","2,001",,"1,506",,"1,336","1,563","1,429",,"1,601","1,809",,"1,524","1,524","1,574","1,215",858,594,388,351,,239,"23,370"
07,52,,19,,13,12,37,,428,"1,264","1,954","1,906",,"1,460",,"1,381","1,459","1,347",,"1,486","1,838",,"1,402","1,395","1,449","1,133",811,654,462,403,,192,"22,557"
08,56,,21,,17,14,46,,434,"1,253","1,930","1,944",,"1,593",,"1,467","1,548","1,560",,"1,707","1,913",,"1,603","1,423","1,653","1,167",940,646,500,447,,239,"24,121"
09,58,,19,,16,11,42,,373,"1,048","1,775","1,787",,"1,518",,"1,493","1,604","1,688",,"1,195",832,,"1,280","1,618","1,630","1,656",893,755,599,555,,380,"22,825"
10,145,,50,,27,18,19,,89,227,588,"1,005",,"1,404",,"1,646","1,763","1,819",,"1,774","1,756",,"1,684","1,697","1,635","1,514",876,723,650,507,,282,"21,898"
11,131,,63,,24,17,15,,64,157,283,585,,912,,"1,273","1,518","1,583",,"1,557","1,614",,"1,450","1,179","1,047",830,757,946,366,286,,104,"16,761"
12,53,,9,,10,16,31,,406,"1,189","1,817","1,772",,"1,396",,"1,301","1,444","1,407",,"1,553","1,854",,"1,575","1,561","1,553","1,384",907,512,438,374,,160,"22,722"
13,57,,35,,15,9,52,,444,"1,277","1,981","1,897",,"1,577",,"1,364","1,507","1,532",,"1,677","1,776",,"1,481","1,337","1,587","1,530",979,658,543,390,,206,"23,911"
14,61,,26,,14,10,49,,463,"1,307","1,971","1,879",,"1,479",,"1,460","1,457","1,657",,"1,763","1,847",,"1,499","1,372","1,599","1,515","1,012",789,588,472,,265,"24,554"
15,74,,15,,29,17,63,,436,"1,213","1,978","1,949",,"1,546",,"1,458","1,591","1,693",,"1,691","1,839",,"1,498","1,494","1,636","1,534","1,022",718,541,437,,236,"24,708"
16,87,,23,,22,14,53,,399,"1,125","1,621","1,620",,"1,632",,"1,643","1,763","1,724",,"1,821","1,799",,"1,539","1,565","1,658","1,748","1,267",957,691,582,,357,"25,710"
17,132,,55,,34,13,31,,102,252,560,822,,"1,428",,"1,630","1,831","1,812",,"1,849","1,862",,"1,743","1,802","1,656","1,661","1,117",737,640,599,,259,"22,627"
18,107,,70,,33,26,29,,69,180,346,720,,991,,"1,295","1,498","1,678",,"1,745","1,744",,"1,785","1,801","1,741","1,410","1,058",728,666,388,,207,"20,315"
19,90,,44,,16,7,21,,89,194,275,495,,874,,"1,286","1,559","1,812",,"1,791","1,801",,"1,787","1,695","1,526","1,503","1,042",687,437,288,,127,"19,446"
20,60,,17,,11,9,48,,477,"1,261","1,992","1,831",,"1,577",,"1,369","1,504","1,288",,"1,769","1,373",,"1,605","1,428","1,544","1,177",871,550,429,324,,204,"22,718"
21,80,,30,,13,18,41,,427,"1,312","1,926","1,869",,"1,505",,"1,391","1,508","1,500",,"1,670","1,734",,"1,590","1,340","1,497","1,275",867,640,378,311,,195,"23,117"
23,121,,41,,16,17,30,,250,"1,000","1,683","1,808",,"1,576",,"1,581","1,617","1,709",,"1,770","1,835",,"1,760","1,616","1,609","1,691","1,199",997,680,505,,533,"25,644"
24,203,,84,,42,22,22,,78,205,591,988,,"1,341",,"1,619","1,639","1,708",,"1,764","1,732",,"1,728","1,650","1,597",506,569,"1,423",727,607,,427,"21,272"
25,179,,73,,45,27,8,,49,133,269,545,,948,,"1,382","1,616","1,921",,"1,715","1,661",,"1,701","1,578","1,481","1,165",914,733,482,240,,238,"19,103"
26,78,,37,,8,8,27,,261,"1,049","1,837","1,898",,"1,518",,"1,235","1,466","1,520",,"1,603","1,850",,"1,691","1,467","1,635","1,445",988,636,484,309,,310,"23,360"
27,65,,26,,8,17,35,,253,"1,137","1,873","1,780",,"1,663",,"1,470","1,365","1,462",,"1,671","1,608",,"1,376","1,208","1,135",943,644,488,398,311,,265,"21,201"
28,65,,25,,11,18,16,,212,"1,044","1,262","1,828",,"1,578",,"1,242","1,458","1,496",,"1,495","1,681",,"1,448","1,330","1,477","1,254",855,587,455,326,,377,"21,540"
29,60,,32,,14,17,32,,259,"1,122","1,827","1,909",,"1,746",,"1,692","1,741","1,642",,"1,629","1,847",,"1,520","1,428","1,422","1,574","1,163",889,741,504,,366,"25,176"
Month Total,,,,,,,,,,,,,,,,,,,,,,,,,,,,,,,,,"632,036"
Created Wed Mar 27 13:47:42 PDT 2024,,,,,,,,,,,,,,,,,,,,,,,,,,,MV03P: Page 6 of,,,, 9,,
,,,,BC Ministry of Transportation and Infrastructure,,,,,,,,,,,,,,,,,,,,,,,,,,,,,
,,,,,,,,W Lane3,,,,,", Monthly Hourly Volume for ",,,,,,,,,February 2024,,,,,,,,,,,
Site names:,,Second Narrows P-15-2EW - NY,,,,,,,,,,,,,Seasonal Factor Grp:,,,,Consistent,,,,,,,,,,,,,,
,,,,,,,,,,,,,,,Daily Factor Grp:,,,,Consistent,,,,,,,,,,,,,,
,,,,,,,,,,,,,,,,,,,,,,,,,,,,,,,,,
Location:,,"Route 1, at the east end of the Second Narrows Bridge, Vancouver",,,,,,,,,,,,,,,,,,,,,,,,,,,,,,,
00:00,,01:00,,02:00,03:00,04:00,,05:00,06:00,07:00,08:00,,09:00,,10:00,11:00,12:00,,13:00,14:00,,15:00,16:00,17:00,18:00,19:00,20:00,21:00,22:00,,23:00,Total
01,97,,26,,13,48,283,,"1,146","1,769","1,765","1,760",,"1,762",,"1,425","1,406","1,435",,"1,550","1,670",,"1,748","1,920","1,853","1,271",840,699,574,366,,181,"25,607"
02,88,,40,,21,42,323,,"1,086","1,733","1,811","1,723",,"1,661",,"1,440","1,519","1,600",,"1,671","1,804",,"1,893","1,815","1,637","1,263",891,676,579,421,,236,"25,973"
03,155,,70,,29,38,97,,377,625,868,"1,400",,"1,721",,"1,815","1,850","1,917",,"1,859","1,846",,"1,869","1,626","1,464","1,120",885,651,623,504,,325,"23,734"
04,197,,90,,42,34,53,,248,409,591,"1,064",,"1,651",,"1,756","1,841","1,805",,"1,728","1,737",,"1,724","1,615","1,411","1,012",834,590,449,291,,141,"21,313"
05,75,,22,,19,63,317,,"1,150","1,841","1,758","1,780",,"1,639",,"1,452","1,398","1,327",,"1,388","1,592",,"1,684","1,778","1,553",980,781,564,409,254,,119,"23,943"
06,61,,22,,15,37,327,,"1,155","1,870","1,908","1,845",,"1,700",,"1,512","1,402","1,411",,"1,467","1,684",,"1,637","1,903","1,665","1,043",799,660,480,282,,158,"25,043"
07,66,,14,,10,50,320,,"1,198","1,790","1,870","1,878",,"1,661",,"1,495","1,535","1,362",,"1,591","1,750",,"1,695","1,940","1,688","1,191",802,663,536,340,,156,"25,601"
08,83,,27,,16,48,325,,"1,200","1,841","1,928","1,864",,"1,788",,"1,437","1,426","1,423",,"1,577","1,758",,"1,773","1,891","1,723","1,127",794,695,545,343,,175,"25,807"
09,72,,34,,13,57,304,,"1,093","1,855","1,861","1,879",,"1,824",,"1,676","1,627","1,666",,"1,771","1,885",,"1,716","1,898","1,709","1,326",931,694,646,475,,282,"27,294"
10,160,,60,,43,40,68,,364,671,882,"1,384",,"1,710",,"1,847","1,854","1,885",,"1,799","1,757",,"1,626","1,704","1,425","1,103",788,645,563,467,,281,"23,126"
11,159,,69,,41,16,55,,232,344,443,646,,930,,"1,187","1,315","1,432",,"1,579","1,696",,"1,352","1,085",858,615,576,838,417,261,,105,"16,251"
12,53,,21,,18,41,257,,"1,100","1,705","1,756","1,673",,"1,763",,"1,381","1,399","1,370",,"1,458","1,577",,"1,696","1,882","1,575","1,108",796,580,429,254,,120,"24,012"
13,69,,20,,21,47,291,,"1,227","1,883","1,938","1,785",,"1,842",,"1,645","1,441","1,529",,"1,593","1,436",,"1,782","1,853","1,789","1,197",775,652,556,314,,154,"25,839"
14,60,,24,,17,53,305,,"1,208","1,861","1,939","1,882",,"1,787",,"1,610","1,472","1,577",,"1,604","1,729",,"1,817","2,006","1,865","1,279",860,699,495,395,,168,"26,712"
15,74,,28,,17,61,312,,"1,216","1,726","1,964","1,923",,"1,780",,"1,531","1,546","1,519",,"1,668","1,744",,"1,777","1,929","1,761","1,288",881,772,600,421,,186,"26,724"
16,90,,26,,27,59,327,,"1,110","1,876","1,826","1,856",,"1,878",,"1,803","1,866","1,807",,"1,926","1,839",,"1,851","1,854","1,757","1,374",916,842,667,497,,271,"28,345"
17,163,,64,,51,21,91,,372,602,970,"1,322",,"1,786",,"1,932","1,890","1,890",,"1,836","1,876",,"1,759","1,745","1,442","1,089",806,653,638,519,,265,"23,782"
18,64,,91,,41,36,55,,223,472,651,914,,"1,362",,"1,669","1,760","1,683",,"1,822","1,861",,"1,815","1,760","1,374","1,015",688,690,541,339,,223,"21,149"
19,129,,48,,31,28,80,,233,537,664,965,,"1,382",,"1,701","1,853","1,899",,"1,889","1,768",,"1,610","1,356","1,117",718,677,505,414,238,,122,"19,964"
20,62,,31,,15,55,327,,"1,125","1,761","1,906","1,633",,"1,719",,"1,574","1,361","1,418",,"1,502","1,644",,"1,673","1,859","1,643","1,104",755,593,456,261,,163,"24,640"
21,70,,28,,25,46,289,,"1,091","1,707","1,778","1,770",,"1,720",,"1,554","1,417","1,404",,"1,539","1,662",,"1,710","1,765","1,733","1,150",835,665,396,264,,131,"24,749"
23,93,,28,,23,61,204,,923,"1,766","1,902","1,742",,"1,889",,"1,604","1,681","1,627",,"1,702","1,944",,"1,864","1,951","1,809","1,541","1,093",830,688,495,,307,"27,767"
24,191,,75,,40,43,72,,302,719,876,"1,427",,"1,527",,"1,690","1,667","1,675",,"1,673","1,715",,"1,717","1,684","1,445","1,122",771,639,602,543,,323,"22,538"
25,190,,92,,46,39,37,,193,435,505,681,,"1,017",,"1,213","1,409","1,545",,"1,708","1,707",,"1,674","1,498","1,389","1,013",795,653,476,315,,151,"18,781"
26,75,,31,,31,50,166,,920,"1,767","1,890","1,863",,"1,697",,"1,513","1,538","1,523",,"1,494","1,712",,"1,614","1,802","1,744","1,245",903,648,498,348,,157,"25,229"
27,73,,20,,23,34,196,,927,"1,770","1,899","1,879",,"1,697",,"1,497","1,278","1,450",,"1,543","1,582",,"1,595","1,732","1,420",966,464,469,397,246,,116,"23,273"
28,56,,32,,21,38,163,,824,"1,620","1,670","1,714",,"1,620",,"1,403","1,356","1,271",,"1,369","1,447",,"1,577","1,750","1,760","1,243",787,616,536,352,,163,"23,388"
29,75,,22,,15,39,194,,981,"1,763","1,851","1,918",,"1,871",,"1,805","1,452","1,550",,"1,583","1,757",,"1,774","1,825","1,719","1,547",941,739,706,430,,214,"26,771"
Month Total,,,,,,,,,,,,,,,,,,,,,,,,,,,,,,,,,"677,355"
Created Wed Mar 27 13:47:42 PDT 2024,,,,,,,,,,,,,,,,,,,,,,,,,,,MV03P: Page 7 of,,,, 9,,
,,,,BC Ministry of Transportation and Infrastructure,,,,,,,,,,,,,,,,,,,,,,,,,,,,,
,,,,,,,,W Lane2,,,,,", Monthly Hourly Volume for ",,,,,,,,,February 2024,,,,,,,,,,,
Site names:,,Second Narrows P-15-2EW - NY,,,,,,,,,,,,,Seasonal Factor Grp:,,,,Consistent,,,,,,,,,,,,,,
,,,,,,,,,,,,,,,Daily Factor Grp:,,,,Consistent,,,,,,,,,,,,,,
,,,,,,,,,,,,,,,,,,,,,,,,,,,,,,,,,
Location:,,"Route 1, at the east end of the Second Narrows Bridge, Vancouver",,,,,,,,,,,,,,,,,,,,,,,,,,,,,,,
00:00,,01:00,,02:00,03:00,04:00,,05:00,06:00,07:00,08:00,,09:00,,10:00,11:00,12:00,,13:00,14:00,,15:00,16:00,17:00,18:00,19:00,20:00,21:00,22:00,,23:00,Total
01,215,,126,,100,175,451,,"1,066","1,361","1,430","1,466",,"1,382",,"1,367","1,333","1,346",,"1,388","1,506",,"1,615","1,743","1,676","1,341",997,969,877,644,,416,"24,990"
02,234,,135,,109,169,429,,"1,029","1,176","1,494","1,423",,"1,417",,"1,340","1,402","1,457",,"1,514","1,593",,"1,658","1,632","1,597","1,414","1,181",963,908,781,,520,"25,575"
03,400,,232,,190,174,256,,553,800,981,"1,354",,"1,564",,"1,683","1,736","1,789",,"1,692","1,743",,"1,696","1,563","1,486","1,183","1,094",959,974,902,,664,"25,668"
04,477,,279,,197,162,173,,416,644,834,"1,304",,"1,762",,"1,658","1,629","1,689",,"1,643","1,653",,"1,599","1,582","1,329","1,181","1,021",869,760,569,,337,"23,767"
05,234,,111,,84,174,469,,"1,106","1,375","1,371","1,431",,"1,427",,"1,349","1,347","1,294",,"1,363","1,488",,"1,531","1,645","1,471","1,120",972,817,693,518,,317,"23,707"
06,228,,97,,100,155,458,,"1,077","1,387","1,539","1,571",,"1,418",,"1,366","1,372","1,336",,"1,394","1,449",,"1,567","1,671","1,506","1,193","1,024",946,754,558,,364,"24,530"
07,209,,107,,98,159,433,,"1,071","1,388","1,470","1,503",,"1,369",,"1,347","1,379","1,286",,"1,445","1,532",,"1,605","1,707","1,576","1,261","1,040",931,816,645,,351,"24,728"
08,227,,108,,103,141,459,,"1,071","1,377","1,546","1,524",,"1,531",,"1,370","1,383","1,359",,"1,440","1,515",,"1,619","1,698","1,585","1,270","1,058",961,811,643,,482,"25,281"
09,296,,140,,98,155,415,,"1,005","1,323","1,453","1,490",,"1,530",,"1,498","1,460","1,497",,"1,466","1,622",,"1,576","1,700","1,526","1,335","1,104",982,928,799,,592,"25,990"
10,386,,198,,185,154,224,,530,769,911,"1,320",,"1,569",,"1,769","1,628","1,716",,"1,633","1,601",,"1,625","1,522","1,467","1,310","1,117","1,011",960,903,,695,"25,203"
11,467,,283,,202,143,194,,438,628,726,927,,"1,201",,"1,343","1,439","1,522",,"1,564","1,618",,"1,475","1,247","1,170",970,945,"1,239",758,563,,332,"21,394"
12,234,,125,,103,175,465,,"1,114","1,333","1,430","1,437",,"1,480",,"1,354","1,357","1,334",,"1,342","1,523",,"1,520","1,656","1,540","1,204","1,004",895,688,549,,309,"24,171"
13,205,,106,,88,180,460,,"1,075","1,347","1,553","1,521",,"1,507",,"1,397","1,345","1,372",,"1,427","1,303",,"1,648","1,626","1,544","1,292","1,038",898,818,594,,371,"24,715"
14,227,,116,,87,170,454,,"1,066","1,355","1,563","1,550",,"1,510",,"1,480","1,423","1,425",,"1,519","1,606",,"1,645","1,767","1,604","1,342","1,041",987,764,684,,388,"25,773"
15,244,,146,,105,173,450,,"1,074","1,281","1,550","1,539",,"1,530",,"1,356","1,426","1,449",,"1,459","1,567",,"1,613","1,686","1,524","1,350","1,106",977,862,737,,425,"25,629"
16,276,,158,,110,190,443,,"1,019","1,317","1,386","1,500",,"1,555",,"1,495","1,527","1,613",,"1,641","1,588",,"1,606","1,646","1,560","1,400","1,149","1,004",971,826,,580,"26,560"
17,433,,272,,187,70,268,,521,759,984,"1,277",,"1,622",,"1,738","1,702","1,715",,"1,655","1,694",,"1,627","1,613","1,371","1,241","1,022",927,961,886,,571,"25,116"
18,346,,304,,201,163,208,,392,631,836,"1,173",,"1,430",,"1,684","1,725","1,565",,"1,680","1,726",,"1,685","1,608","1,426","1,153","1,013",975,886,644,,487,"23,941"
19,313,,205,,127,131,189,,443,669,797,"1,114",,"1,467",,"1,600","1,708","1,739",,"1,711","1,701",,"1,580","1,300","1,240","1,018",961,810,720,529,,343,"22,415"
20,259,,139,,103,163,495,,"1,043","1,317","1,406","1,294",,"1,369",,"1,381","1,288","1,260",,"1,399","1,525",,"1,594","1,612","1,560","1,219","1,009",896,796,574,,373,"24,074"
21,258,,110,,128,171,461,,"1,044","1,353","1,462","1,451",,"1,378",,"1,316","1,339","1,379",,"1,422","1,453",,"1,589","1,611","1,601","1,339","1,087","1,006",738,600,,395,"24,691"
23,321,,161,,114,169,401,,874,"1,378","1,402","1,486",,"1,512",,"1,526","1,504","1,485",,"1,524","1,694",,"1,694","1,697","1,571","1,461","1,172","1,065","1,025",840,,703,"26,779"
24,441,,293,,179,143,206,,461,809,894,"1,304",,"1,441",,"1,621","1,551","1,541",,"1,559","1,604",,"1,609","1,625","1,504","1,317","1,023",969,957,903,,722,"24,676"
25,559,,329,,228,163,182,,398,674,717,888,,"1,157",,"1,332","1,505","1,636",,"1,666","1,645",,"1,659","1,467","1,419","1,210","1,010",926,806,578,,419,"22,573"
26,271,,155,,99,153,362,,907,"1,353","1,474","1,509",,"1,368",,"1,329","1,374","1,358",,"1,453","1,529",,"1,573","1,715","1,552","1,342","1,085",926,788,615,,355,"24,645"
27,274,,123,,94,130,359,,858,"1,340","1,485","1,546",,"1,386",,"1,372","1,221","1,340",,"1,458","1,427",,"1,519","1,571","1,359","1,188",783,823,759,632,,407,"23,454"
28,293,,152,,111,138,370,,928,"1,307","1,348","1,539",,"1,382",,"1,254","1,341","1,314",,"1,331","1,336",,"1,530","1,616","1,611","1,445","1,143",998,873,723,,449,"24,532"
29,262,,151,,105,157,352,,957,"1,370","1,488","1,620",,"1,586",,"1,520","1,389","1,458",,"1,490","1,511",,"1,567","1,612","1,602","1,509","1,180","1,035",976,748,,427,"26,072"
Month Total,,,,,,,,,,,,,,,,,,,,,,,,,,,,,,,,,"690,649"
Created Wed Mar 27 13:47:42 PDT 2024,,,,,,,,,,,,,,,,,,,,,,,,,,,MV03P: Page 8 of,,,, 9,,
,,,,BC Ministry of Transportation and Infrastructure,,,,,,,,,,,,,,,,,,,,,,,,,,,,,
,,,,,,,,W Lane1,,,,,", Monthly Hourly Volume for ",,,,,,,,,February 2024,,,,,,,,,,,
Site names:,,Second Narrows P-15-2EW - NY,,,,,,,,,,,,,Seasonal Factor Grp:,,,,Consistent,,,,,,,,,,,,,,
,,,,,,,,,,,,,,,Daily Factor Grp:,,,,Consistent,,,,,,,,,,,,,,
,,,,,,,,,,,,,,,,,,,,,,,,,,,,,,,,,
Location:,,"Route 1, at the east end of the Second Narrows Bridge, Vancouver",,,,,,,,,,,,,,,,,,,,,,,,,,,,,,,
00:00,,01:00,,02:00,03:00,04:00,,05:00,06:00,07:00,08:00,,09:00,,10:00,11:00,12:00,,13:00,14:00,,15:00,16:00,17:00,18:00,19:00,20:00,21:00,22:00,,23:00,Total
01,28,,8,,4,21,72,,459,952,"1,260","1,250",,903,,566,574,669,,752,910,,"1,084","1,295","1,224",710,397,355,289,176,,80,"14,038"
02,48,,24,,13,26,69,,401,877,"1,229","1,145",,922,,680,729,739,,759,976,,"1,203","1,190",998,639,420,299,256,192,,39,"13,873"
03,94,,39,,20,22,34,,125,246,305,464,,642,,745,843,924,,"1,045","1,151",,"1,055",783,669,408,366,296,282,251,,170,"10,979"
04,87,,31,,27,16,29,,81,204,267,368,,704,,941,"1,098","1,048",,"1,056","1,231",,"1,252",817,575,386,309,217,179,107,,62,"11,092"
05,42,,9,,10,20,72,,427,958,"1,234","1,144",,779,,657,636,618,,677,895,,"1,048","1,210",970,509,333,227,184,115,,56,"12,830"
06,27,,11,,13,13,67,,421,964,"1,370","1,271",,932,,757,654,613,,750,918,,"1,098","1,419","1,198",639,400,272,217,163,,66,"14,253"
07,33,,14,,11,5,81,,420,975,"1,311","1,315",,866,,649,741,561,,723,906,,"1,057","1,297","1,137",635,436,284,273,186,,80,"13,996"
08,47,,22,,10,15,78,,431,963,"1,339","1,217",,866,,634,623,654,,799,963,,"1,129","1,338","1,147",635,406,332,281,190,,129,"14,248"
09,63,,17,,5,14,72,,418,929,"1,310","1,241",,922,,717,743,764,,861,"1,039",,"1,014","1,151",957,697,393,276,299,212,,122,"14,236"
10,66,,32,,34,13,20,,113,219,268,470,,641,,737,991,"1,068",,"1,185","1,129",,871,800,675,470,330,284,329,267,,127,"11,139"
11,107,,44,,21,14,21,,59,151,192,216,,341,,495,607,726,,784,"1,016",,844,434,406,241,279,415,154,107,,52,"7,726"
12,30,,13,,4,18,71,,442,929,"1,305","1,182",,"1,016",,593,581,625,,699,857,,"1,034","1,303",967,535,394,251,208,117,,65,"13,239"
13,26,,14,,13,20,77,,500,"1,007","1,423","1,334",,"1,078",,809,648,704,,751,"1,106",,"1,246","1,481","1,376",675,407,303,275,135,,69,"15,477"
14,34,,10,,5,14,57,,456,976,"1,368","1,263",,969,,680,649,661,,750,931,,"1,178","1,370","1,470",702,378,322,232,158,,74,"14,707"
15,47,,13,,7,21,81,,467,890,"1,370","1,285",,777,,653,640,649,,786,905,,"1,090","1,434","1,264",675,434,324,355,270,,90,"14,527"
16,47,,16,,11,27,72,,397,927,"1,129","1,033",,980,,904,951,801,,909,"1,209",,"1,318","1,379","1,128",588,343,304,313,221,,129,"15,136"
17,77,,52,,30,1,34,,88,222,304,400,,657,,708,879,"1,039",,"1,147","1,132",,833,742,566,388,305,274,307,303,,147,"10,635"
18,72,,53,,37,22,24,,84,192,221,250,,421,,546,676,843,,986,865,,752,722,544,352,263,245,197,136,,100,"8,603"
19,60,,22,,23,19,18,,95,209,231,257,,476,,589,723,812,,"1,024",844,,687,585,458,258,266,196,151,77,,61,"8,141"
20,41,,11,,6,9,86,,402,960,"1,288","1,161",,991,,762,648,653,,765,878,,"1,132","1,371","1,228",595,386,349,238,117,,76,"14,153"
21,37,,10,,12,24,76,,417,957,"1,351","1,264",,995,,795,627,643,,742,874,,"1,048","1,304","1,299",684,385,347,142,138,,87,"14,258"
23,66,,15,,16,21,60,,309,888,"1,198","1,208",,"1,008",,686,718,686,,813,"1,022",,"1,115","1,204","1,060",728,435,348,353,273,,191,"14,421"
24,116,,44,,23,25,22,,90,219,320,428,,576,,659,751,876,,"1,003","1,054",,"1,096",932,752,462,393,316,273,241,,187,"10,858"
25,106,,61,,37,20,20,,54,162,231,224,,359,,459,572,723,,816,838,,900,703,581,442,295,275,189,121,,66,"8,254"
26,50,,11,,14,14,37,,285,883,"1,225","1,309",,859,,600,615,682,,670,830,,"1,001","1,169","1,199",638,382,218,233,123,,50,"13,097"
27,44,,20,,5,17,46,,289,856,"1,257","1,333",,878,,665,570,658,,795,912,,"1,083","1,185",909,581,262,233,225,220,,81,"13,124"
28,43,,21,,16,21,42,,305,843,"1,194","1,289",,"1,009",,746,627,650,,676,751,,980,"1,220","1,355",785,446,324,243,172,,68,"13,826"
29,47,,13,,9,13,45,,296,867,"1,282","1,402",,"1,240",,"1,031",638,678,,742,868,,"1,139","1,377","1,364","1,086",458,343,370,241,,92,"15,641"
Month Total,,,,,,,,,,,,,,,,,,,,,,,,,,,,,,,,,"356,507"
Created Wed Mar 27 13:47:42 PDT 2024,,,,,,,,,,,,,,,,,,,,,,,,,,,MV03P: Page 9 of,,,, 9,,
